{
	"info": {
		"_postman_id": "17886df0-f142-4984-ab3f-dc0daf0155ed",
		"name": "Microservices",
		"schema": "https://schema.getpostman.com/json/collection/v2.1.0/collection.json",
		"_exporter_id": "44589713"
	},
	"item": [
		{
			"name": "1 - http://localhost:8080/api/student/getById/1",
			"request": {
				"method": "GET",
				"header": [],
				"url": {
					"raw": "http://localhost:8080/api/student/getById/1",
					"protocol": "http",
					"host": [
						"localhost"
					],
					"port": "8080",
					"path": [
						"api",
						"student",
						"getById",
						"1"
					]
				}
			},
			"response": [
				{
					"name": "1 - http://localhost:8080/api/student/getById/1",
					"originalRequest": {
						"method": "GET",
						"header": [],
						"url": {
							"raw": "http://localhost:8080/api/student/getById/1",
							"protocol": "http",
							"host": [
								"localhost"
							],
							"port": "8080",
							"path": [
								"api",
								"student",
								"getById",
								"1"
							]
						}
					},
					"status": "OK",
					"code": 200,
					"_postman_previewlanguage": "json",
					"header": [
						{
							"key": "Content-Type",
							"value": "application/json"
						},
						{
							"key": "Transfer-Encoding",
							"value": "chunked"
						},
						{
							"key": "Date",
							"value": "Mon, 08 Sep 2025 13:00:29 GMT"
						},
						{
							"key": "Keep-Alive",
							"value": "timeout=60"
						},
						{
							"key": "Connection",
							"value": "keep-alive"
						}
					],
					"cookie": [],
					"body": "{\n    \"id\": 1,\n    \"firstName\": \"Raj\",\n    \"lastName\": \"Dave\",\n    \"email\": \"raj_dave@yahoo.com\",\n    \"addressResponse\": {\n        \"addressId\": 1,\n        \"street\": \"Happy Street\",\n        \"city\": \"Delhi\"\n    }\n}"
				},
				{
					"name": "New Request",
					"originalRequest": {
						"method": "GET",
						"header": [],
						"url": {
							"raw": "http://localhost:8080/api/student/getById/1",
							"protocol": "http",
							"host": [
								"localhost"
							],
							"port": "8080",
							"path": [
								"api",
								"student",
								"getById",
								"1"
							]
						}
					},
					"status": "OK",
					"code": 200,
					"_postman_previewlanguage": "json",
					"header": [
						{
							"key": "Content-Type",
							"value": "application/json"
						},
						{
							"key": "Transfer-Encoding",
							"value": "chunked"
						},
						{
							"key": "Date",
							"value": "Mon, 08 Sep 2025 13:00:29 GMT"
						},
						{
							"key": "Keep-Alive",
							"value": "timeout=60"
						},
						{
							"key": "Connection",
							"value": "keep-alive"
						}
					],
					"cookie": [],
					"body": "{\n    \"id\": 1,\n    \"firstName\": \"Raj\",\n    \"lastName\": \"Dave\",\n    \"email\": \"raj_dave@yahoo.com\",\n    \"addressResponse\": {\n        \"addressId\": 1,\n        \"street\": \"Happy Street\",\n        \"city\": \"Delhi\"\n    }\n}"
				}
			]
		},
		{
			"name": "2 - http://localhost:8082/api/address/getById/1",
			"request": {
				"method": "GET",
				"header": [],
				"url": {
					"raw": "http://localhost:8082/api/address/getById/1",
					"protocol": "http",
					"host": [
						"localhost"
					],
					"port": "8082",
					"path": [
						"api",
						"address",
						"getById",
						"1"
					]
				}
			},
			"response": [
				{
					"name": "2 - http://localhost:8082/api/address/getById/1",
					"originalRequest": {
						"method": "GET",
						"header": [],
						"url": {
							"raw": "http://localhost:8082/api/address/getById/1",
							"protocol": "http",
							"host": [
								"localhost"
							],
							"port": "8082",
							"path": [
								"api",
								"address",
								"getById",
								"1"
							]
						}
					},
					"status": "OK",
					"code": 200,
					"_postman_previewlanguage": "json",
					"header": [
						{
							"key": "Content-Type",
							"value": "application/json"
						},
						{
							"key": "Transfer-Encoding",
							"value": "chunked"
						},
						{
							"key": "Date",
							"value": "Mon, 08 Sep 2025 13:01:40 GMT"
						},
						{
							"key": "Keep-Alive",
							"value": "timeout=60"
						},
						{
							"key": "Connection",
							"value": "keep-alive"
						}
					],
					"cookie": [],
					"body": "{\n    \"addressId\": 1,\n    \"street\": \"Happy Street\",\n    \"city\": \"Delhi\"\n}"
				}
			]
		},
		{
			"name": "3 - http://localhost:8083/api/address/getById/1",
			"request": {
				"method": "GET",
				"header": [],
				"url": {
					"raw": "http://localhost:8083/api/address/getById/1",
					"protocol": "http",
					"host": [
						"localhost"
					],
					"port": "8083",
					"path": [
						"api",
						"address",
						"getById",
						"1"
					]
				}
			},
			"response": [
				{
					"name": "http://localhost:8083/api/address/getById/1",
					"originalRequest": {
						"method": "GET",
						"header": [],
						"url": {
							"raw": "http://localhost:8083/api/address/getById/1",
							"protocol": "http",
							"host": [
								"localhost"
							],
							"port": "8083",
							"path": [
								"api",
								"address",
								"getById",
								"1"
							]
						}
					},
					"status": "OK",
					"code": 200,
					"_postman_previewlanguage": "json",
					"header": [
						{
							"key": "Content-Type",
							"value": "application/json"
						},
						{
							"key": "Transfer-Encoding",
							"value": "chunked"
						},
						{
							"key": "Date",
							"value": "Mon, 08 Sep 2025 13:02:48 GMT"
						},
						{
							"key": "Keep-Alive",
							"value": "timeout=60"
						},
						{
							"key": "Connection",
							"value": "keep-alive"
						}
					],
					"cookie": [],
					"body": "{\n    \"addressId\": 1,\n    \"street\": \"Happy Street\",\n    \"city\": \"Delhi\"\n}"
				}
			]
		},
		{
			"name": "4-http://localhost:9090/student-service/api/student/getById/1",
			"request": {
				"method": "GET",
				"header": [
					{
						"key": "Authorization",
						"value": "ABCD",
						"type": "text"
					}
				],
				"url": {
					"raw": "http://localhost:9090/student-service/api/student/getById/1",
					"protocol": "http",
					"host": [
						"localhost"
					],
					"port": "9090",
					"path": [
						"student-service",
						"api",
						"student",
						"getById",
						"1"
					]
				}
			},
			"response": [
				{
					"name": "New Request",
					"originalRequest": {
						"method": "GET",
						"header": [
							{
								"key": "Authorization",
								"value": "ABCD",
								"type": "text"
							}
						],
						"url": {
							"raw": "http://localhost:9090/student-service/api/student/getById/1",
							"protocol": "http",
							"host": [
								"localhost"
							],
							"port": "9090",
							"path": [
								"student-service",
								"api",
								"student",
								"getById",
								"1"
							]
						}
					},
					"status": "OK",
					"code": 200,
					"_postman_previewlanguage": "json",
					"header": [
						{
							"key": "transfer-encoding",
							"value": "chunked"
						},
						{
							"key": "Content-Type",
							"value": "application/json"
						},
						{
							"key": "Date",
							"value": "Mon, 08 Sep 2025 13:38:20 GMT"
						}
					],
					"cookie": [],
					"body": "{\n    \"id\": 1,\n    \"firstName\": \"Raj\",\n    \"lastName\": \"Dave\",\n    \"email\": \"raj_dave@yahoo.com\",\n    \"addressResponse\": {\n        \"addressId\": 1,\n        \"street\": \"Happy Street\",\n        \"city\": \"Delhi\"\n    }\n}"
				}
			]
		}
	]
}